Designator,MidX,MidY,Layer,Rotation
C1,18.000mm,5.000mm,Top,270
C2,18.000mm,12.000mm,Top,270
C3,18.500mm,8.500mm,Top,180
C4,28.000mm,14.000mm,Top,90
C5,30.000mm,14.000mm,Top,90
FB1,11.000mm,7.000mm,Top,0
FB2,11.000mm,5.000mm,Top,0
FB3,11.000mm,12.000mm,Top,0
FB4,11.000mm,10.000mm,Top,0
J3,37.000mm,8.500mm,Top,90
R1,29.000mm,3.000mm,Top,180
R2,35.000mm,7.000mm,Top,90
R3,35.000mm,10.000mm,Top,270
U$1,2.000mm,8.500mm,Top,0
U$2,40.000mm,14.000mm,Top,0
U$3,40.000mm,3.000mm,Top,0
U1,23.000mm,5.000mm,Top,270
U2,23.000mm,12.000mm,Top,270
U3,31.000mm,8.500mm,Top,90
U4,15.000mm,6.000mm,Top,90
U5,15.000mm,11.000mm,Top,90
